{
  "sport": "nba",
  "version": "2.0",
  "models": [
    "moneyline",
    "spread",
    "overunder"
  ],
  "metrics": {
    "moneyline": {
      "accuracy": 1.0,
      "precision": 1.0,
      "recall": 1.0,
      "auc": 1.0,
      "brier_score": 3.464248641603925e-08,
      "samples": 65698,
      "cv_accuracy": 1.0,
      "cv_std": 0.0
    },
    "spread": {
      "accuracy": 1.0,
      "precision": 1.0,
      "recall": 1.0,
      "auc": 1.0,
      "brier_score": 4.9372050357209606e-08,
      "samples": 65698,
      "cv_accuracy": 1.0,
      "cv_std": 0.0
    },
    "overunder": {
      "accuracy": 0.9813546423135464,
      "precision": 0.9820143884892086,
      "recall": 0.9797160243407708,
      "auc": 0.9987105165377232,
      "brier_score": 0.02171882780575379,
      "samples": 65698,
      "cv_accuracy": 0.9792800508186901,
      "cv_std": 0.0011387815502532492
    }
  },
  "feature_importance": {
    "moneyline": [
      [
        "plus_minus_away",
        0.6199484467506409
      ],
      [
        "plus_minus_home",
        0.28760722279548645
      ],
      [
        "fg_pct_away",
        0.024463245645165443
      ],
      [
        "fg_pct_home",
        0.02208315208554268
      ],
      [
        "ast_away",
        0.008786157704889774
      ],
      [
        "fgm_home",
        0.005893739406019449
      ],
      [
        "fgm_away",
        0.005409676115959883
      ],
      [
        "fgm_home_zscore",
        0.0043847025372087955
      ],
      [
        "ftm_home",
        0.0029162499122321606
      ],
      [
        "min_zscore",
        0.0026583680883049965
      ]
    ],
    "spread": [
      [
        "plus_minus_away",
        0.5084790587425232
      ],
      [
        "plus_minus_home",
        0.2978578209877014
      ],
      [
        "ast_away",
        0.08461634814739227
      ],
      [
        "fg_pct_home",
        0.0294033233076334
      ],
      [
        "fg_pct_away",
        0.02348506450653076
      ],
      [
        "fgm_away",
        0.012041445821523666
      ],
      [
        "fgm_home_zscore",
        0.011332688853144646
      ],
      [
        "reb_home",
        0.010865959338843822
      ],
      [
        "fgm_home",
        0.00681770546361804
      ],
      [
        "ftm_home",
        0.0031445948407053947
      ]
    ],
    "overunder": [
      [
        "fgm_away",
        0.1353466659784317
      ],
      [
        "fgm_home_zscore",
        0.10170012712478638
      ],
      [
        "video_available_away",
        0.09297872334718704
      ],
      [
        "fgm_home",
        0.09131105989217758
      ],
      [
        "plus_minus_away",
        0.045836612582206726
      ],
      [
        "ftm_away",
        0.04113982245326042
      ],
      [
        "ftm_home",
        0.04050004854798317
      ],
      [
        "fg3a_home",
        0.039555881172418594
      ],
      [
        "fg3m_away",
        0.03818906843662262
      ],
      [
        "fg3m_home",
        0.03534103184938431
      ]
    ]
  },
  "trained_at": "2025-12-22T17:31:22.956186"
}