{
  "sport": "nhl",
  "version": "2.0",
  "models": [
    "moneyline",
    "spread",
    "overunder"
  ],
  "metrics": {
    "moneyline": {
      "accuracy": 0.8187782159584703,
      "precision": 0.3505514267761576,
      "recall": 0.7897588597090696,
      "auc": 0.893305734008391,
      "brier_score": 0.13351498028861195,
      "samples": 945830,
      "cv_accuracy": 0.8183685211961693,
      "cv_std": 0.0008054403637804598
    },
    "spread": {
      "accuracy": 0.8150883351130753,
      "precision": 0.3458093069770411,
      "recall": 0.793322268866543,
      "auc": 0.8927253518779872,
      "brier_score": 0.1347099554362201,
      "samples": 945830,
      "cv_accuracy": 0.8155059575455645,
      "cv_std": 0.0007014249798434296
    },
    "overunder": {
      "accuracy": 0.7647621665627016,
      "precision": 0.3486129458388375,
      "recall": 0.8069411000267553,
      "auc": 0.8739330222751737,
      "brier_score": 0.1521833397246882,
      "samples": 945830,
      "cv_accuracy": 0.7646775862847239,
      "cv_std": 0.0010154952545133496
    }
  },
  "feature_importance": {
    "moneyline": [
      [
        "shots",
        0.37306591868400574
      ],
      [
        "plusMinus",
        0.3060069680213928
      ],
      [
        "assists_zscore",
        0.04121638834476471
      ],
      [
        "assists",
        0.02971828356385231
      ],
      [
        "powerPlayAssists",
        0.028119724243879318
      ],
      [
        "faceoffTaken",
        0.02341577224433422
      ],
      [
        "timeOnIce_zscore",
        0.02236468344926834
      ],
      [
        "ratio_1_3",
        0.01827886886894703
      ],
      [
        "timeOnIce",
        0.015526242554187775
      ],
      [
        "ratio_0_3",
        0.014736817218363285
      ]
    ],
    "spread": [
      [
        "shots",
        0.3868110179901123
      ],
      [
        "plusMinus",
        0.29013770818710327
      ],
      [
        "assists_zscore",
        0.03938423842191696
      ],
      [
        "assists",
        0.032493289560079575
      ],
      [
        "powerPlayAssists",
        0.02509158104658127
      ],
      [
        "faceoffTaken",
        0.02316363900899887
      ],
      [
        "ratio_1_3",
        0.02029237523674965
      ],
      [
        "faceOffWins",
        0.020130546763539314
      ],
      [
        "timeOnIce",
        0.019290786236524582
      ],
      [
        "powerPlayTimeOnIce",
        0.01822470873594284
      ]
    ],
    "overunder": [
      [
        "shots",
        0.47794127464294434
      ],
      [
        "plusMinus",
        0.16774272918701172
      ],
      [
        "powerPlayTimeOnIce",
        0.0776558592915535
      ],
      [
        "assists_zscore",
        0.02876666933298111
      ],
      [
        "assists",
        0.028630679473280907
      ],
      [
        "faceoffTaken",
        0.026420684531331062
      ],
      [
        "timeOnIce_zscore",
        0.02248142659664154
      ],
      [
        "faceOffWins",
        0.020868422463536263
      ],
      [
        "powerPlayAssists",
        0.019650878384709358
      ],
      [
        "evenTimeOnIce",
        0.01845228299498558
      ]
    ]
  },
  "trained_at": "2025-12-22T17:34:04.706518"
}