{
  "sport": "nfl",
  "version": "2.0",
  "models": [
    "moneyline",
    "spread",
    "overunder"
  ],
  "metrics": {
    "moneyline": {
      "accuracy": 0.5414345403899722,
      "precision": 0.5734951003266449,
      "recall": 0.7530637254901961,
      "auc": 0.5461913444813409,
      "brier_score": 0.2455009015127299,
      "samples": 14358,
      "cv_accuracy": 0.5579836036939241,
      "cv_std": 0.007474117699358712
    },
    "spread": {
      "accuracy": 0.557799442896936,
      "precision": 0.5172413793103449,
      "recall": 0.3235747303543914,
      "auc": 0.5664868050348204,
      "brier_score": 0.24644620579598323,
      "samples": 14358,
      "cv_accuracy": 0.5697371187983873,
      "cv_std": 0.007831396630633735
    },
    "overunder": {
      "accuracy": 0.5605849582172702,
      "precision": 0.5588652482269504,
      "recall": 0.5518207282913166,
      "auc": 0.5895827513831017,
      "brier_score": 0.24425738851971163,
      "samples": 14358,
      "cv_accuracy": 0.5688677819064714,
      "cv_std": 0.01080786850726827
    }
  },
  "feature_importance": {
    "moneyline": [
      [
        "spread_favorite_squared",
        0.15461057424545288
      ],
      [
        "spread_favorite_zscore",
        0.08451031148433685
      ],
      [
        "spread_favorite",
        0.08319214731454849
      ],
      [
        "ratio_0_1",
        0.049524061381816864
      ],
      [
        "ratio_2_3",
        0.0481916107237339
      ],
      [
        "ratio_1_2",
        0.045507799834012985
      ],
      [
        "ratio_0_3",
        0.04526739940047264
      ],
      [
        "ratio_0_2",
        0.04418876767158508
      ],
      [
        "weather_humidity_zscore",
        0.04386874660849571
      ],
      [
        "weather_humidity",
        0.04321913421154022
      ]
    ],
    "spread": [
      [
        "spread_favorite_squared",
        0.25200194120407104
      ],
      [
        "spread_favorite",
        0.09683509916067123
      ],
      [
        "spread_favorite_zscore",
        0.06912487745285034
      ],
      [
        "ratio_0_1",
        0.043299999088048935
      ],
      [
        "ratio_2_3",
        0.040931541472673416
      ],
      [
        "ratio_0_2",
        0.04044828191399574
      ],
      [
        "ratio_1_3",
        0.03885074332356453
      ],
      [
        "weather_temperature_squared",
        0.03769615665078163
      ],
      [
        "ratio_1_2",
        0.03715912252664566
      ],
      [
        "schedule_season_squared",
        0.03667861968278885
      ]
    ],
    "overunder": [
      [
        "schedule_season_zscore",
        0.10035024583339691
      ],
      [
        "schedule_season",
        0.07165361195802689
      ],
      [
        "schedule_season_squared",
        0.06704077869653702
      ],
      [
        "ratio_1_3",
        0.06338103860616684
      ],
      [
        "weather_temperature_zscore",
        0.06038398668169975
      ],
      [
        "ratio_0_1",
        0.05375060811638832
      ],
      [
        "ratio_0_3",
        0.04983771592378616
      ],
      [
        "ratio_2_3",
        0.049824077636003494
      ],
      [
        "ratio_0_2",
        0.047317054122686386
      ],
      [
        "weather_wind_mph",
        0.04693863168358803
      ]
    ]
  },
  "trained_at": "2025-12-22T17:31:28.332679"
}