{
  "sport": "ncaa_basketball",
  "version": "2.0",
  "models": [
    "moneyline"
  ],
  "metrics": {
    "moneyline": {
      "accuracy": 0.8146718146718147,
      "precision": 0.7894736842105263,
      "recall": 0.75,
      "auc": 0.8905771334792122,
      "brier_score": 0.1307045782066441,
      "samples": 3885,
      "cv_accuracy": 0.8281782831342456,
      "cv_std": 0.010852203951132056
    }
  },
  "feature_importance": {
    "moneyline": [
      [
        "W_zscore",
        0.27140679955482483
      ],
      [
        "ratio_0_2",
        0.09268467128276825
      ],
      [
        "ratio_1_2",
        0.07102452218532562
      ],
      [
        "W",
        0.07085704058408737
      ],
      [
        "BARTHAG_zscore",
        0.0527011938393116
      ],
      [
        "ratio_2_3",
        0.04174695909023285
      ],
      [
        "W_squared",
        0.036588337272405624
      ],
      [
        "BARTHAG",
        0.03369351476430893
      ],
      [
        "YEAR",
        0.030080599710345268
      ],
      [
        "ratio_1_3",
        0.017824925482273102
      ]
    ]
  },
  "trained_at": "2025-12-22T17:34:12.835986"
}