{
  "sport": "mlb",
  "version": "2.0",
  "models": [
    "moneyline",
    "spread",
    "overunder"
  ],
  "metrics": {
    "moneyline": {
      "accuracy": 0.5555555555555556,
      "precision": 0.5238663484486874,
      "recall": 0.4856194690265487,
      "auc": 0.5809213325391422,
      "brier_score": 0.24704588856232582,
      "samples": 9718,
      "cv_accuracy": 0.5553125840585647,
      "cv_std": 0.005701409478826985
    },
    "spread": {
      "accuracy": 0.5653292181069959,
      "precision": 0.5380894800483675,
      "recall": 0.4900881057268722,
      "auc": 0.5789714549351113,
      "brier_score": 0.24824890354885046,
      "samples": 9718,
      "cv_accuracy": 0.5593005499757912,
      "cv_std": 0.004975285959761708
    },
    "overunder": {
      "accuracy": 0.6692386831275721,
      "precision": 0.6618852459016393,
      "recall": 0.6736183524504692,
      "auc": 0.7266791232406853,
      "brier_score": 0.21145846324811168,
      "samples": 9718,
      "cv_accuracy": 0.6614373031736376,
      "cv_std": 0.014853428593064886
    }
  },
  "feature_importance": {
    "moneyline": [
      [
        "elapsed_time_zscore",
        0.12065278738737106
      ],
      [
        "ratio_1_2",
        0.09322173148393631
      ],
      [
        "elapsed_time_squared",
        0.07524149864912033
      ],
      [
        "elapsed_time",
        0.06673125177621841
      ],
      [
        "attendance_zscore",
        0.062270767986774445
      ],
      [
        "attendance_squared",
        0.05512054264545441
      ],
      [
        "ratio_0_3",
        0.05420863255858421
      ],
      [
        "ratio_0_1",
        0.053629323840141296
      ],
      [
        "ratio_1_3",
        0.0527321882545948
      ],
      [
        "ratio_0_2",
        0.052332811057567596
      ]
    ],
    "spread": [
      [
        "ratio_1_2",
        0.10250420868396759
      ],
      [
        "elapsed_time",
        0.10221100598573685
      ],
      [
        "elapsed_time_squared",
        0.07159583270549774
      ],
      [
        "attendance_zscore",
        0.07012396305799484
      ],
      [
        "ratio_0_2",
        0.05902794748544693
      ],
      [
        "ratio_0_3",
        0.05666347220540047
      ],
      [
        "attendance_squared",
        0.05573073402047157
      ],
      [
        "ratio_2_3",
        0.054137859493494034
      ],
      [
        "ratio_1_3",
        0.05370747670531273
      ],
      [
        "ratio_0_1",
        0.05324212461709976
      ]
    ],
    "overunder": [
      [
        "elapsed_time",
        0.21818004548549652
      ],
      [
        "ratio_1_2",
        0.21591003239154816
      ],
      [
        "elapsed_time_squared",
        0.10899336636066437
      ],
      [
        "attendance_zscore",
        0.03912712633609772
      ],
      [
        "elapsed_time_zscore",
        0.037498824298381805
      ],
      [
        "ratio_1_3",
        0.035501185804605484
      ],
      [
        "ratio_0_1",
        0.03417475149035454
      ],
      [
        "ratio_0_3",
        0.03369239345192909
      ],
      [
        "g_id_squared",
        0.03236977756023407
      ],
      [
        "ratio_2_3",
        0.03209367021918297
      ]
    ]
  },
  "trained_at": "2025-12-22T17:34:10.308101"
}