{
  "sport": "soccer",
  "version": "2.0",
  "models": [
    "moneyline",
    "spread",
    "overunder"
  ],
  "metrics": {
    "moneyline": {
      "accuracy": 0.694313116304201,
      "precision": 0.6722195779787403,
      "recall": 0.6326713453785276,
      "auc": 0.7623262730234113,
      "brier_score": 0.19676592679353286,
      "samples": 74026,
      "cv_accuracy": 0.6884160756501182,
      "cv_std": 0.003994787948413077
    },
    "spread": {
      "accuracy": 0.6956639200324193,
      "precision": 0.6739717325710656,
      "recall": 0.6337165895176945,
      "auc": 0.7630061890245481,
      "brier_score": 0.196459876307005,
      "samples": 74026,
      "cv_accuracy": 0.6894292468760554,
      "cv_std": 0.002515191758264269
    },
    "overunder": {
      "accuracy": 0.5755099284074024,
      "precision": 0.38217703349282295,
      "recall": 0.5427904013590996,
      "auc": 0.5898448144945609,
      "brier_score": 0.24217735344925342,
      "samples": 74026,
      "cv_accuracy": 0.5723235393448161,
      "cv_std": 0.005774631597399392
    }
  },
  "feature_importance": {
    "moneyline": [
      [
        "home_club_position",
        0.20377478003501892
      ],
      [
        "away_club_position",
        0.19950051605701447
      ],
      [
        "home_club_position_zscore",
        0.17371763288974762
      ],
      [
        "ratio_2_3",
        0.05401679128408432
      ],
      [
        "home_club_id_zscore",
        0.041726063936948776
      ],
      [
        "home_club_id_squared",
        0.036541897803545
      ],
      [
        "ratio_1_3",
        0.027392255142331123
      ],
      [
        "ratio_1_2",
        0.026455415412783623
      ],
      [
        "attendance",
        0.023603904992341995
      ],
      [
        "away_club_id",
        0.02295047789812088
      ]
    ],
    "spread": [
      [
        "home_club_position",
        0.23789989948272705
      ],
      [
        "away_club_position",
        0.2183801531791687
      ],
      [
        "home_club_position_zscore",
        0.17189927399158478
      ],
      [
        "ratio_2_3",
        0.06773973256349564
      ],
      [
        "ratio_1_2",
        0.02508177049458027
      ],
      [
        "home_club_id_squared",
        0.024665826931595802
      ],
      [
        "attendance",
        0.02405453473329544
      ],
      [
        "ratio_1_3",
        0.022404788061976433
      ],
      [
        "away_club_id",
        0.0217286366969347
      ],
      [
        "season_squared",
        0.020710645243525505
      ]
    ],
    "overunder": [
      [
        "home_club_position",
        0.11882675439119339
      ],
      [
        "home_club_position_zscore",
        0.09355311095714569
      ],
      [
        "home_club_id_zscore",
        0.0586465485394001
      ],
      [
        "away_club_position",
        0.05005555599927902
      ],
      [
        "ratio_0_3",
        0.04805377498269081
      ],
      [
        "attendance",
        0.047360245138406754
      ],
      [
        "away_club_id_zscore",
        0.04721713066101074
      ],
      [
        "ratio_1_2",
        0.046571578830480576
      ],
      [
        "home_club_id_squared",
        0.04575476795434952
      ],
      [
        "ratio_1_3",
        0.04252735525369644
      ]
    ]
  },
  "trained_at": "2025-12-22T17:34:28.376481"
}