{
  "nfl": {
    "moneyline": {
      "accuracy": 0.5394828791055206,
      "baseline": 0.651,
      "improvement": -0.1115171208944794,
      "auc": 0.48346364694050603,
      "brier": 0.2509814206316694,
      "test_size": 2862
    },
    "spread": {
      "accuracy": 0.6904262753319357,
      "baseline": 0.652,
      "improvement": 0.038426275331935655,
      "auc": 0.501271179663867,
      "brier": 0.2164610954380646,
      "test_size": 2862
    },
    "total": {
      "accuracy": 0.5251572327044025,
      "baseline": 0.563,
      "improvement": -0.037842767295597435,
      "auc": 0.5301966786980997,
      "brier": 0.25137747340054317,
      "test_size": 2862
    }
  },
  "nhl": {
    "moneyline": {
      "accuracy": 0.5532833735551886,
      "baseline": 0.72,
      "improvement": -0.16671662644481133,
      "auc": 0.55633430374548,
      "brier": 0.24527415776225345,
      "test_size": 7873
    },
    "spread": {
      "accuracy": 0.664168677759431,
      "baseline": 0.591,
      "improvement": 0.07316867775943103,
      "auc": 0.5293534690804622,
      "brier": 0.22277164686303852,
      "test_size": 7873
    },
    "total": {
      "accuracy": 0.5041280325161945,
      "baseline": 0.601,
      "improvement": -0.09687196748380544,
      "auc": 0.5522977087753334,
      "brier": 0.24952020330787447,
      "test_size": 7873
    }
  },
  "mlb": {
    "moneyline": {
      "accuracy": 0.5313786008230452,
      "baseline": 0.534,
      "improvement": -0.0026213991769548084,
      "auc": 0.5090403685467897,
      "brier": 0.24935831424794272,
      "test_size": 1944
    },
    "spread": {
      "accuracy": 0.6203703703703703,
      "baseline": 0.556,
      "improvement": 0.0643703703703703,
      "auc": 0.5199594844207148,
      "brier": 0.23585680705036094,
      "test_size": 1944
    },
    "total": {
      "accuracy": 0.5370370370370371,
      "baseline": 0.584,
      "improvement": -0.04696296296296287,
      "auc": 0.5498550967009891,
      "brier": 0.24804959253717826,
      "test_size": 1944
    }
  },
  "soccer": {
    "moneyline": {
      "accuracy": 0.6700668783354725,
      "baseline": 0.643,
      "improvement": 0.0270668783354725,
      "auc": 0.736098816243787,
      "brier": 0.2044932936348271,
      "test_size": 14803
    },
    "spread": {
      "accuracy": 0.669121124096467,
      "baseline": 0.753,
      "improvement": -0.08387887590353305,
      "auc": 0.7331309875758216,
      "brier": 0.2064158630915722,
      "test_size": 14803
    },
    "total": {
      "accuracy": 0.5627913260825508,
      "baseline": 0.615,
      "improvement": -0.05220867391744921,
      "auc": 0.5711382579108792,
      "brier": 0.24414929918005657,
      "test_size": 14803
    }
  },
  "trained_at": "2025-12-23T05:27:28.494295"
}