{
  "accuracy": 0.6242916509255761,
  "xgb_accuracy": 0.6256139025311673,
  "lgb_accuracy": 0.6220249338874198,
  "auc": 0.6685106382978723,
  "brier": 0.227358581411289,
  "logloss": 0.6465206475618995,
  "test_size": 5294
}