{
  "accuracy": 0.6595454545454545,
  "xgb_accuracy": 0.6572727272727272,
  "lgb_accuracy": 0.6613636363636364,
  "auc": 0.7070485038948826,
  "brier": 0.2172957728613714,
  "logloss": 0.6246140990150669,
  "test_size": 2200,
  "train_size": 8798
}