{
  "moneyline": {
    "accuracy": 0.5322802197802198,
    "auc": 0.5477623216326222,
    "test_size": 1456
  },
  "spread": {
    "accuracy": 0.5556318681318682,
    "auc": 0.5751481179200012,
    "test_size": 1456
  },
  "total": {
    "accuracy": 0.5274725274725275,
    "auc": 0.5092554394836649,
    "test_size": 1456
  },
  "contracts": {
    "accuracy": 0.5322802197802198,
    "auc": 0.5477623216326222,
    "test_size": 1456
  }
}