{
  "moneyline": {
    "accuracy": 0.6506024096385542,
    "auc": 0.6792983716475096,
    "test_size": 581
  },
  "spread": {
    "accuracy": 0.6523235800344234,
    "auc": 0.6989824081407348,
    "test_size": 581
  },
  "total": {
    "accuracy": 0.53184165232358,
    "auc": 0.5420945288970047,
    "test_size": 581
  },
  "contracts": {
    "accuracy": 0.6506024096385542,
    "auc": 0.6792983716475096,
    "test_size": 581
  }
}