{
  "moneyline": {
    "accuracy": 0.5119085934985517,
    "auc": 0.5288598638767323,
    "test_size": 12428
  },
  "spread": {
    "accuracy": 0.5905214032829096,
    "auc": 0.6349679799382397,
    "test_size": 12428
  },
  "total": {
    "accuracy": 0.5595429674927583,
    "auc": 0.5728627707915313,
    "test_size": 12428
  },
  "contracts": {
    "accuracy": 0.5119085934985517,
    "auc": 0.5288598638767323,
    "test_size": 12428
  }
}