{
  "moneyline": {
    "accuracy": 0.6536363636363637,
    "auc": 0.7065434194053793,
    "brier": 0.21390124465284663,
    "test_size": 2200
  },
  "spread": {
    "accuracy": 0.7340909090909091,
    "auc": 0.8046043524349941,
    "brier": 0.176381181008943,
    "test_size": 2200
  },
  "total": {
    "accuracy": 0.5495454545454546,
    "auc": 0.5669786180240766,
    "brier": 0.2434593091490805,
    "test_size": 2200
  },
  "contracts": {
    "accuracy": 0.6536363636363637,
    "auc": 0.7065434194053793,
    "brier": 0.21390124465284663,
    "test_size": 2200
  }
}