{
  "moneyline": {
    "accuracy": 0.6427896427896428,
    "auc": 0.6898820386815249,
    "test_size": 5291
  },
  "spread": {
    "accuracy": 0.7533547533547533,
    "auc": 0.8043831817983651,
    "test_size": 5291
  },
  "total": {
    "accuracy": 0.5458325458325458,
    "auc": 0.5510471692642803,
    "test_size": 5291
  },
  "contracts": {
    "accuracy": 0.6427896427896428,
    "auc": 0.6898820386815249,
    "test_size": 5291
  }
}